<employeedetails company="Dell Technologies">
<employee>
<name>Balaji</name>
<empID>12345</empID>
<doj>1-Jan-2019</doj>
<dependants purpose="medical benefits">4</dependants>
</employee>
<employee>
<name>Chandru</name>
<empID>23478</empID>
<doj>26-Apr-2017</doj>
<dependants>1</dependants>
</employee>
<employee>
<name>Pradeep</name>
<empID>89671</empID>
<doj>15-Sep-2018</doj>
<dependants>3</dependants>
</employee>
<employee>
<name>Suhail</name>
<empID>67593</empID>
<doj>10-Mar-2016</doj>
<dependants>4</dependants>
</employee>
<employee><name>Maruthi</name><empID>23678</empID><doj>25-Aug-2018</doj></employee></employeedetails>